<GrimaForm>
    <Title>AS Decisions Populated</Title>
	<!--<Field
	name="setid"
	label="Set ID"
	required="no"
	placeholder="Set ID"
	/>
	<Field
	name="setName"
	label="Alma Set Name"
	required="yes"
	placeholder="Alma Set Name"
	/>-->
	<!--<Field
	name="whichnote2"
	label="Stat note2"
	type="select"
	required="no"
	>
	<option value="FIRE 2018 OZONE">FIRE 2018 OZONE</option>
	<option value="LACKS ozone">LACKS ozone</option>
	</Field>-->
	
	<Field
	name="whichnote"
	label="Unboxing Stat 3 Note:"
	type="select"
	required="yes"
	placeholder="Unboxing Note"
	>
	<!--<option value="PHYSICAL CONDITION REVIEW For Possible Withdraw">PHYSICAL CONDITION REVIEW</option>-->
	<option value="ANNEX ingest">ANNEX ingest</option>
	<option value="HALE return">HALE return</option>
	<option value="To be WITHDRAWN">To be WITHDRAWN</option>
	<option value="AHD HALE return">AHD HALE return</option>
	<option value="AHD ANNEX ingest">AHD ANNEX ingest</option>
	<option value="AHD To be WITHDRAWN">AHD To be WITHDRAWN</option>
	<option value="PHYSICAL CONDITION REVIEW For Possible Withdraw">PHYSICAL CONDITION REVIEW</option>
	<option value="GOV UNBOXING review">GOV UNBOXING review</option>
	</Field>
    <Field
        name="barcodes"
        label="Barcodes needing Stat Note 2 and 3 Populated"
        autocomplete="off"
        required="yes"
        placeholder="Barcodes, one per line."
        rows="5"
	/>
</GrimaForm>